﻿Table 1.
        Kt:b values for 143 drugs determined in vitro in different rat tissues and steady-state blood volume of distribution in man.
Drug,In vitro Kt:b,Vss (L),Reference
Muscle,Bone,Brain,Heart,Intestine,Skin,Lungs,Spleen,Adipose,Liver,Kidney,Stomach,Pancreas
1<comma>1<comma>1<comma>2-Tetrachloroethane,0.95,,,,,,,,51.5,2.11,,,,,a; b; c
1<comma>1<comma>1-Trichloroethane,0.54,,,,,,,,45.7,1.49,,,,,a; b; c
1<comma>1<comma>2<comma>2-Tetrachloroethane,0.71,,,,,,,,26.6,1.38,,,,,a; b; c
1<comma>1<comma>2-Trichloroethane,0.39,,,,,,,,24.9,1.27,,,,,a; b; c
1<comma>1-Dichloro-1-fluoroethane,0.50,,,,,,,,,,,,,,a; b
1<comma>1-Dichloroethane,0.45,,,,,,,,14.6,0.96,,,,,a; b; c
1<comma>1-Dichloroethylene,0.40,,,,,,,,13.6,0.88,,,,,a; b; c
1<comma>1-Difluoroethylene,1.58,,,,,,,,,,,,,,a; b
1<comma>2-Dibromoethane,0.37,,,,,,,,10.1,0.98,,,,,a; b; c
1<comma>2-Dichloroethane,0.77,,,,,,,,11.3,1.18,,,,,a; b; c
1<comma>2-Dichloroethylene,0.50,,,,,,,,,,,,,,a; b
1<comma>2-Dichloropropane,0.64,,,,,,,,26.7,1.33,,,,,a; b; c
1<comma>2-Epoxy-3-butene,0.48,,,,,,,,,,,,,,a; b
1<comma>4-Dioxane,0.72,,,,,,,,0.45,0.92,,,,,d; e
1-Bromo-2-chloroethane,0.47,,,,,,,,,,,,,,a; b
1-Bromopropane,0.34,,,,,,,,19.1,0.66,,,,,a; b; c
1-Butanol,0.57,,,,,,,,,,,,,,a; b
1-Chloro-2<comma>2<comma>2-trifluoroethane,0.97,,,,,,,,,,,,,,a; b
1-Chloropropane,0.39,,,,,,,,22.4,0.98,,,,,a; b; c
1-Nitropropane,0.12,,,,,,,,2.26,0.68,,,,,a; b; c
1-Pentanol,0.97,,,,,,,,,,,,,,a; b
1-Propanol,0.85,,,,,,,,,,,,,,a; b
2<comma>2<comma>4-Trimethylpentane,1.86,,,,,,,,,,,,,,a; b
2<comma>2-Dichloro-1<comma>1<comma>1-trifluoroethane,0.60,,,,,,,,,,,,,,a; b
2<comma>3<comma>4-Trimethylpentane,1.17,,,,,,,,,,,,,,a; b
2-Butanone,0.87,,0.81,,,,,,1.17,1.08,1.24,,,,a; b; f
2-Chloropropane,0.66,,,,,,,,22.1,1.01,,,,,a; b; c
2-Heptanone,0.95,,,,,,,,,,,,,,a; b
2-Methyl-1<comma>3-butadiene,0.87,,,,,,,,,,,,,,a; b
2-Methyl-1-propanol,2.75,,,,,,,,,,,,,,a; b
2-Methyl-2-propanol,1.25,,,,,,,,,,,,,,a; b
2-Nitropropane,0.15,,,,,,,,0.85,0.34,,,,,a; b; c
2-Pentanone,0.79,,,,,,,,,,,,,,a; b
2-Propanol,0.85,,0.88,,,,,,0.21,0.76,,,,45.5,a; b; g
2-Propanone,0.55,,0.5,,,,,,0.31,0.6,,,,,g
3-Methyl-1-butanol,0.95,,,,,,,,,,,,,,a; b
4-Methyl-2-pentanone,0.81,,,,,,,,,,,,,,a; b
5-Hydroxy-N-methyl-2-pyrrolidone,1.81,,,,,0.25,0.52,,0.39,3.05,7.98,,,,h
Acrylic acid,1.21,,2.05,,1.4,1.03,1.37,1.58,0.9,1.68,1.69,0.99,,,i
Acrylonitrile,1.16,,1.33,,,,,,,1.51,,,,,j
Allyl chloride,0.63,,,,,,,,5.81,2.23,,,,,a; b; c
Benzene,0.75,,1.30,,,0.91,1.51,,29.6,1.29,1.17,2.33,,,a; b; f; k
Bromochloromethane,0.26,,,,,,,,7.79,0.70,,,,,a; b; c
Butadiene,0.48,,0.19,,,,0.40,0.38,9.75,0.47,0.40,,,,l
Butyl acetate,1.77,,,,,,,,,,,,,,a; b
Cefazolin,0.19,0.4,0.14,0.13,0.47,0.49,0.26,0.14,0.26,0.26,0.18,,0.25,15.2,m
Cefocetan,0.49,0.32,0.28,0.32,0.35,0.52,0.23,0.30,0.29,0.46,0.30,,0.43,,m
Cefoporazone,0.56,0.30,0.23,0.24,0.37,0.44,0.28,0.29,0.37,0.31,0.46,,0.32,,m
Cefpiramide,1.18,0.98,0.57,0.71,0.60,2.14,0.71,0.50,0.98,1.02,0.73,,0.65,,m
Chlorobenzene,0.57,,,,,,,,,,,,,,a; b
Chlorodibromomethane,0.50,,,,,,,,17.4,1.14,,,,,a; b; c
Chloroethane,0.79,,,,,,,,9.47,0.88,,,,,a; b; c
Chloroform,3.03,,0.92,,,0.64,1.26,,13.0,1.05,0.85,1.63,,,a; b; c; e; f; k
Chlorpyrifos,3.84,,16.5,,,,,,250,12.8,,,,,n
Citalopram,9.96,5.51,8.99,11.3,93.9,43.5,6.89,6.36,4.13,20.6,9.29,,175,840,m
Cyanoethylene oxide,1.84,,1.39,,,,,,,0.27,,,,,j
Cyclohexane,0.74,,,,,,,,,,,,,,a; b
Cyclosporine,3.18,1.15,3.45,3.76,18.0,24.3,1.53,18.0,7.26,5.11,10.3,,6.79,231,m
Dasatinib,1.43,1.43,1.43,1.96,5.75,1.32,0.69,2.13,0.50,3.67,1.43,,4.66,,m
Decane,0.9,,4.8,,,,,,328,2,,,,,o
Diazepam,2.5,1.25,2.45,3.27,4.91,10.5,1.54,2.41,13.7,4.91,2.5,,15.6,70,m
Dibromomethane,0.44,,,,,,,,9.83,0.91,,,,,a; b; c
Dichloroacetic acid,2.36,,,,,,,,0.72,,,,,24.1,p
Dichloromethane,0.46,,0.55,,,,,,6.68,0.88,0.71,,,,b; c; e; f
Diclofenac,0.11,0.03,0.12,0.16,0.24,0.09,0.04,0.10,0.05,0.27,0.11,,0.22,28,m
Diethyl ether,0.39,,,,,,,,,,,,,,a; b
Difluoromethane,0.91,,,,,,,,0.90,1.73,,,,,a; b; c
Disopyramide,4.52,4.01,3.69,3.69,5.61,7.38,3.59,2.86,5.01,3.79,3.11,,4.67,36.4,m
Dodecane,1.2,,19.8,,,,,,671,1.9,,,,,o
Epoxybutene,0.59,,0.77,,,,0.81,,2.18,0.93,1.04,,,,l
Erythromycin,2.05,2.39,1.97,2.28,11.8,4.02,1.76,1.76,2.58,2.28,2.45,,9.15,66.5,m
Estradiol,1.5,,,,,,,,,3.6,,,,84,q
Ethanol,0.72,,,,,,,,,,,,,37.8,a; b
Ethinylestradiol,2,1.33,8.69,2.56,2,3.84,1.05,1.81,3.50,2.81,2.81,,1.25,301,m
Ethyl acetate,0.89,,,,,,,,,,,,,,a; b
Ethyl benzene,,,,,,,,,36.6,1.96,,,,,e
Ethyl tert-butyl ether,1.73,,,,,,,,,,,,,,a; b
Ethylbenzene,0.85,,,,,,,,,,,,,,a; b
Ethylene,1.28,,,,,,,,,,,,,,a; b
Ethylene glycol,0.67,,,,1.48,1.19,0.96,,0.64,0.96,1.22,,,,r
Ethylene oxide,0.74,,,,,,,,,,,,,,a; b
Fluorochloromethane,0.47,,,,,,,,3.00,0.67,,,,,a; b; c
Fluvastatin,0.44,0.26,0.38,0.36,0.43,0.23,0.08,0.29,0.04,0.49,0.32,,0.32,53.4,m
Furosemide,0.04,0.02,0.02,0.03,0.01,0.03,0.02,0.02,0.02,0.04,0.04,,0.02,15.2,m
Glycolic acid,0.7,,,,0.95,0.75,,,1.09,0.97,1.4,,,,r
Halothane,0.83,,,,,,,,,,,,,,a; b
Heptane,1.09,,,,,,,,,,,,,,a; b
Hexachloroethane,1.19,,,,,,,,52.6,5.84,,,,,a; b; c
Hexane,1.28,,,,,,,,,,,,,,a; b
Hexobarbital,1.34,,,1.86,1.91,0.98,1.49,,4.13,1.45,2.31,,,77,s
Imipramine,7.74,6.78,7.74,12.3,47.5,39.8,7.13,10.0,12.3,24.6,9.35,,27.1,840,m
Irinotecan,0.92,1.38,1.48,1.15,1.50,1.15,0.76,1.15,0.55,2.43,1.52,,2.34,245,m
Isobutyl acetate,2.08,,,,,,,,,,,,,,a; b
Isoflurane,0.89,,,,,,,,,,,,,,a; b
Isopentyl acetate,3.23,,,,,,,,,,,,,,a; b
Isopropyl acetate,1.99,,,,,,,,,,,,,,a; b
Isopropyl bromide,0.56,,,,,,,,,,,,,,a; b
Ketoconazole,,,,,3,,,,0.2,4.5,4.5,3,,,t
Lidocaine,0.73,0.69,1.10,1.15,0.69,1.02,0.75,0.69,0.69,1.19,2.31,,1.19,126,m
Lindane,1.86,,,,,,,,101,4.25,,,,,u
Methyl acetate,0.64,,,,,,,,,,,,,,a; b
Methyl chloride,0.39,,,,,,,,,,,,,,a
Methyl tert-amyl ether,1.54,,,,,,,,,,,,,,a; b
Methyl tert-butyl ether,2.88,,,,,,,,,,,,,,a; b
Metoprolol,4.51,4.51,4.41,4.41,20.2,8.11,3.27,4.51,4.41,5.48,3.75,,14.4,217,m
Midazolam,0.45,0.46,0.97,0.94,2.46,4.51,0.57,0.84,1.78,1.45,0.82,,3.20,77,m
m-Methylstyrene,0.95,,,,,,,,,,,,,,a; b
m-Xylene,0.91,,,,,,,,,,,,,,a; b
Naltrexone,1.19,1.04,1.04,0.97,1.66,1.49,1.09,0.74,0.74,1.09,0.81,,1.73,532,m
Nircadipine,1.69,5.05,5.33,4.05,4.50,3.47,1.60,3.13,5.88,5.65,3.39,,3.89,,m
N-methyl pyrrolidone,0.57,,,,,0.12,0.12,,0.61,1.01,1.16,,,,h
Nonane,0.8,,3.8,,,,,,274,1.9,,,,,o
Octamethylcyclotetrasiloxane,3,,,,,,,,490,8.9,,,,,v
Octane,1,,1.4,,,,,,247,1.9,,,,,o
o-Xylene,2.27,,2.69,,,1.73,2.31,,55.7,3.38,,4.89,,,a; b; k
Paraoxon,3.37,,,,,,,,10.5,6.38,6.62,,,,u; w
Parathion,2.56,,,,,,,,93.1,5.01,5.21,,,,u; w
Pentachloroethane,0.69,,,,,,,,39.3,2.48,,,,,a; b; c
Pentyl acetate,1.69,,,,,,,,103,3.70,,,,,a; b; c; e
Perchloroethylene,0.84,,3.57,,,1.99,3.24,,54.7,1.97,,3.11,,,a; b; k
Phenobarbital,1.6,,,1.93,1.75,1.88,1.14,,0.92,1.87,2.03,,,37.8,s
p-Methylstyrene,0.77,,,,,,,,,,,,,,a; b
Propafenone,1.49,2.68,2.68,3.39,10.8,3.18,1.06,1.88,0.56,6.53,2.68,,0.94,154,m
Propanone,0.72,,,,,,,,,,,,,,a; b
Propranolol,3.00,3.27,4.47,5.09,20.8,14.1,2.35,3.33,2.95,10.7,4.07,,7.97,217,m
Propyl acetate,1.12,,,,,,,,,,,,,,a; b
Propylene,0.52,,,,,,,,,,,,,,a; b
p-Xylene,0.91,,,,,,,,,,,,,,a; b
Quinidine,7.72,29.7,4.34,6.13,48.2,64.3,12.0,6.43,4.59,29.7,7.28,,193,203,m
Rosuvastatin,0.16,0.05,0.07,0.12,0.06,0.07,0.05,0.09,0.04,0.14,0.13,,0.13,216,m
Styrene,1.17,,,,,,,,50,2.7,,,,,a; b; e
Tert-amyl alcohol,1,,,,,,,,,,,,,,a; b
Tetrachloromethane,0.99,,,,,,,,78.9,3.12,,,,,a; b; c; e
Thiopental,2.32,,,1.91,2.02,3.42,2.71,,11.3,2.1,2.5,,,84,s
Toluene,1.61,,1.71,,,1.09,1.13,,71.4,3.32,,2.62,,1078,a; b; e; k
Trichloroacetic acid,1.36,,,,,,,,0.33,1.55,,,,,p
Trichloroethylene,0.52,,0.71,,1.3,2.81,0.34,,24.9,1.35,1.01,0.56,,,a; b; c; e; f; k; x
Undecane,0.7,,1.7,,,,,,529,1.5,,,,,o
Verapamil,1.15,0.78,0.60,1.07,17.9,5.25,0.52,0.71,0.56,2.81,0.86,,23.1,259,m
Vinyl bromide,0.55,,,,,,,,12.0,0.81,,,,,b; c
Vinyl chloride,1.12,,,,,,,,13.9,0.90,,,,,a; b; c; e
Vinylidene fluoride,1.61,,,,,,,,5.55,4.44,,,,,l
Warfarin,0.05,0.01,0.04,0.05,0.11,0.08,0.03,0.05,0.03,0.13,0.04,,0.15,16.5,m